Ano;Nome;Titulacao;DOI;Titulo;Tipo;Qualis;Abrangencia;Nome Evento
2021;Vinicius Carvalho Pereira;Doutorado (PQ);10.1590/1982-2553202148209;De olho no minotauro: a po?tica do labirinto em tessituras eletr?nicas de Andrei Thomaz;Periodico;A3;;"1982-2553;GAL?XIA (SAO PAULO  ONLINE)"
2021;Vinicius Carvalho Pereira;Doutorado (PQ);10.21527/2179-1309.2021.114.10-30;REVIS?O SISTEM?TICA DE ESTUDOS SOBRE COMPUTA??O DESPLUGADA NA EDUCA??O B?SICA E SUPERIOR DE 2014 A 2020: TEND?NCIAS NO CAMPO;Periodico;A2;;"2179-1309;CONTEXTO & EDUCACAO"
2021;Vinicius Carvalho Pereira;Doutorado (PQ);;REDE DE LETRAS EM SOLEIL SONNE, DE PIERRE GARNIER;Periodico;B1;;"2238-7587;REVISTA DE ESTUDOS DE LITERATURA, CULTURA E ALTERIDADE - IGARAP?"
2021;Vinicius Carvalho Pereira;Doutorado (PQ);10.25094/rtp.2021n33a797;Poesia visual: subs?dios te?rico-metodol?gicos para uma leitura da serialidade;Periodico;B1;;"1808-5385;TEXTO PO?TICO"
2021;Vinicius Carvalho Pereira;Doutorado (PQ);10.5902/2179219461944;RECOLHER, ESCOLHER, ACOLHER EM UM ARQUIVO LITER?RIO DIGITAL: O PROJETO DA ELECTRONIC LITERATURE COLLECTION COMO COLET?NEA E COLE??O;Periodico;A4;;"2179-2194;FRAGMENTUM (ON LINE)"
2021;Vinicius Carvalho Pereira;Doutorado (PQ);;UMA LEITURA DO TEMPO EM A VISIT FROM THE GOON SQUAD;Periodico;A3;;"2448-0819;PORTO DAS LETRAS"
2021;Vinicius Carvalho Pereira;Doutorado (PQ);10.12957/palimpsesto.2021.58709;A AVE, de Wlademir Dias-Pino, e -Homenaje a Wlademir Dias-Pino-, de Clemente Pad?n: rela??es ciberpo?ticas;Periodico;B1;;"1809-3507;PALIMPSESTO"
2021;Vinicius Carvalho Pereira;Doutorado (PQ);10.17851/2238-3824.26.2.199-216;Literatura e tecnologia: Wlademir Dias-Pino e o poema como m?quina anal?gica / Literature and Technology: Wlademir Dias-Pino and the Poem as an Analogical Machine;Periodico;JCR:<0.1;;"2238-3824;CALIGRAMA: REVISTA DE ESTUDOS ROM?NICOS"
2021;Vinicius Carvalho Pereira;Doutorado (PQ);10.35520/metamorfoses.2021.v17n2a47302;Cadernos de Lanzarote: a escrita dos di?rios como aprendizado do ex?lio;Periodico;B2;;"0875-019X;METAMORFOSES  REVISTA DA C?TEDRA JORGE DE SENA DA FACULDADE DE LETRAS DA UFRJ"
2021;Vinicius Carvalho Pereira;Doutorado (PQ);10.1590/2596-304x20212344npvp;Poesia e transpo?tica nas performances da eu l?rica dos poemas de Joy Ladin;Periodico;A1;;"0103-6963;REVISTA BRASILEIRA DE LITERATURA COMPARADA"
2022;Vinicius Carvalho Pereira;Doutorado (PQ);10.35699/1983-3652.2022.35555;As imagens do duplo e da m?o na obra digital hipertextual 88 Constellations for Wittgenstein (to Be Played with the Left Hand), de David Clark;Periodico;JCR:0.8;;"1983-3652;TEXTO LIVRE"
2021;Vinicius Carvalho Pereira;Doutorado (PQ);10.11606/issn.2596-2477.i44p41-55;Da avalanche l?rica em redes sociais: remedia??es po?ticas em Snow, de Shelley Jackson;Periodico;B2;;"2596-2477;MANUSCR?TICA"
2021;Vinicius Carvalho Pereira;Doutorado (PQ);;LYGIA FAGUNDES TELLES E O FEMININO EM ?O JARDIM SELVAGEM?;Periodico;A4;;"1415-7950;ASAS DA PALAVRA (UNAMA)"
2021;Vinicius Carvalho Pereira;Doutorado (PQ);10.30612/raido.v15i38.14556;O corpo po?tico em slams surdos: an?lise de uma performance de Gabriela Grigolom da Silva;Periodico;A4;;"1984-4018;RAIDO (ONLINE)"
2022;Vinicius Carvalho Pereira;Doutorado (PQ);;EST?TICA DO ACIDENTE: RELA??O ENTRE ARTE LITER?RIA, COMBINAT?RIA E ACASO NO PROJETO LIBRARY OF BABEL, DE JONATHAN BASILE;Periodico;A3;;"2448-2935;POLICROMIAS - REVISTA DE ESTUDOS DO DISCURSO, IMAGEM E SOM"
2022;Vinicius Carvalho Pereira;Doutorado (PQ);10.25094/rtp.2022n36a856;O Tempo E A Espera, De Pedro Casald?liga (2022): Deus, Homem, Natureza E Poesia No Norte Araguaia (Mt-Brasil);Periodico;B1;;"1808-5385;TEXTO PO?TICO"
2022;Vinicius Carvalho Pereira;Doutorado (PQ);10.1590/2596-304x20222446vcp;A poesia digital em arquivos online latinoamericanos: converg?ncias e diverg?ncias;Periodico;A1;;"0103-6963;REVISTA BRASILEIRA DE LITERATURA COMPARADA"
2022;Vinicius Carvalho Pereira;Doutorado (PQ);;Escrita e persona nos 'Cadernos de Lanzarote';Periodico;A4;;"2175-3180;REVISTA DESASSOSSEGO"
2022;Vinicius Carvalho Pereira;Doutorado (PQ);10.5752/P.2358-3428.2022v25n56p299-312;A influ?ncia da tecnologia e da m?sica na constru??o narrativa e nos processos de leitura de A Visit From the Goon Squad, de Jennifer Egan;Periodico;A3;;"2358-3428;SCRIPTA"
2022;Vinicius Carvalho Pereira;Doutorado (PQ);10.55391/2674-6085.2022.2570;NOTAS SOBRE APPBOOKS DA STORYMAX: UM ESTUDO DE CASO NA LITERATURA DIGITAL INFANTIL BRASILEIRA;Periodico;A3;;"1679-5520;SCRIPTA UNIANDRADE"
2022;Vinicius Carvalho Pereira;Doutorado (PQ);10.47456/contexto.v1i42.35978;Poesia, tecnologia e cat?strofe: notas sobre o conto ?O versificador?, de Primo Levi;Periodico;JCR:<0.1;;"2358-9566;CONTEXTO - REVISTA DO PROGRAMA DE P?S-GRADUA??O EM LETRAS"
2023;Vinicius Carvalho Pereira;Doutorado (PQ);10.25094/rtp.2023n38a928;Bots geradores de poesia no Twitter: tradi??o e inova??o;Periodico;B1;;"1808-5385;TEXTO PO?TICO"
2022;Vinicius Carvalho Pereira;Doutorado (PQ);;CADERNOS DE LANZAROTE: O DI?RIO COMO ?ESPELHO DE CONFIAN?A?;Periodico;B3;;"2179-6793;REVISTA ELETRONICA ARATICUM"
2023;Vinicius Carvalho Pereira;Doutorado (PQ);10.1093/iwc/iwad003;Dead Users? Profiles on Facebook: Limited Interaction Beyond Human Existence;Periodico;JCR:1.0;;"1873-7951;INTERACTING WITH COMPUTERS"
2023;Vinicius Carvalho Pereira;Doutorado (PQ);10.5216/sig.v35.73165;Poesia digital brasileira em Flash: da plataforma t?cnica aos poemas hiperm?dia;Periodico;B1;;"0103-7250;SIGNOTICA (UFG)"
2023;Vinicius Carvalho Pereira;Doutorado (PQ);;Deambula??es ? margem: imagens do eu-l?rico errante em ?Vis?o 1961?, de Roberto Piva;Periodico;A3;;"1516-1536;GRAPHOS (JO?O PESSOA)"
2023;Vinicius Carvalho Pereira;Doutorado (PQ);10.5433/1678-2054.2023vol43n1p39;tuiteratura escrita por meios de fios: notas sobre o g?nero tuiteromance;Periodico;A1;;"1678-2054;TERRA ROXA E OUTRAS TERRAS"
2023;Vinicius Carvalho Pereira;Doutorado (PQ);10.29147/datjournal.v8i2.721;Apresenta??o: dossi? tem?tico Literatura Digital;Periodico;A4;;"2526-1789;DATJOURNAL DESIGN ART AND TECHNOLOGY"
2023;Vinicius Carvalho Pereira;Doutorado (PQ);;Fofoca liter?ria na rede social TikTok: um estudo de caso sobre o influenciador liter?rio digital @patzzic;Periodico;JCR:<0.1;;"2316-8838;REVISTA SOLETRAS"
2023;Vinicius Carvalho Pereira;Doutorado (PQ);10.20396/remate.v43i2.8670614;Autoria partilhada na literatura digital: notas sobre 'Fantasia breve, a palavra-espuma';Periodico;JCR:<0.1;;"2316-5758;REMATE DE MALES (ONLINE)"
2023;Vinicius Carvalho Pereira;Doutorado (PQ);10.55391/2674-6085.2023.3030;A INESPECIFICIDADE LITER?RIA EM 'O IRM?O ALEM?O', DE CHICO BUARQUE;Periodico;A3;;"1679-5520;SCRIPTA UNIANDRADE"
2024;Vinicius Carvalho Pereira;Doutorado (PQ);10.5007/1984-8412.2023.e88056;Pensamento computacional em aulas de L?ngua Portuguesa no Ensino Fundamental: um relato de experi?ncia com computa??o desplugadaComputational thinking in Portuguese classes in Elementary School: an experience report with unplugged computingPensamiento computacional en las clases de Lengua Portuguesa en la Ense?anza Primaria: relato de experiencia con computaci?n desconectada;Periodico;A2;;"1984-8412;F?RUM LINGU?STICO"
2024;Vinicius Carvalho Pereira;Doutorado (PQ);;Panorama das principais estruturas formacionais da L?ngua Brasileira de Sinais;Periodico;A3;;"2319-0825;REVISTA DIALOGOS (REVDIA)"
2024;Vinicius Carvalho Pereira;Doutorado (PQ);10.4025/actascilangcult.v46i1.65240;Poesia em Flash na Antolog?a de Literatura Electr?nica Latinoamericana y Caribe?a: quest?es de arquivo;Periodico;A1;;"1983-4683;ACTA SCIENTIARUM (UEM)"
2024;Vinicius Carvalho Pereira;Doutorado (PQ);10.14195/2182-8830_10-1_8;"Anfipoemas e Contrapoemas, de Wlademir Dias-Pino e Regina Pouchain: Se&#769;ries de Poesia Digital Situada no Brasil";Periodico;A3;;"2182-8830;MATLIT: MATERIALIDADES DA LITERATURA"
2024;Vinicius Carvalho Pereira;Doutorado (PQ);10.1007/s10209-024-01131-0;Motivation of persons with cerebral palsy through participatory design: where there is a will, there is a way;Periodico;JCR:2.1;;"1615-5297;UNIVERSAL ACCESS IN THE INFORMATION SOCIETY (INTERNET)"
2024;Vinicius Carvalho Pereira;Doutorado (PQ);10.12957/seminal.2024.79485;A METAMORFOSE EM JOGO ELETR?NICO: UMA AN?LISE DA OBRA CAN?NICA DE KAFKA ADAPTADA PARA O MUNDO DOS GAMES;Periodico;A4;;"1806-9142;CADERNO SEMINAL DIGITAL (RIO DE JANEIRO)"
2023;Vinicius Carvalho Pereira;Doutorado (PQ);;@GREENGODICTIONARY: ESTILO AUTORAL E ESTRAT?GIAS PUBLICIT?RIAS EM MEMES;Periodico;JCR:<0.1;;"2358-8322;HUMANIDADES & INOVA??O"
2024;Vinicius Carvalho Pereira;Doutorado (PQ);10.15603/2176-1078/er.v38n1p209-227;Subvers?o e par?dia na S?rie LIA: o feminino em uma adapta??o audiovisual b?blica para a TV brasileira;Periodico;JCR:<0.1;;"2176-1078;ESTUDOS DE RELIGI?O"
2024;Vinicius Carvalho Pereira;Doutorado (PQ);10.30681/ecos.v36i01.11297;NOTAS SOBRE A POESIA DIGITAL DE MATO GROSSO NO INSTAGRAM: UMA MIRADA PANOR?MICA/NOTES ON MATO GROSSO'S DIGITAL POETRY ON INSTAGRAM: AN OVERVIEW;Periodico;A2;;"2316-3933;REVISTA ECOS"
2024;Vinicius Carvalho Pereira;Doutorado (PQ);10.35499/tl.v18i2.21700;Otome games como literatura digital: Uma proposta de an?lise;Periodico;A4;;"2176-5782;TABULEIRO DE LETRAS"
2024;Vinicius Carvalho Pereira;Doutorado (PQ);10.18764/2525-3441v9n26.2024.12;A ECONOMIA DO SOFT POWER E ENTRETENIMENTO SUL-COREANOS: O FEN?MENO DAS ADAPTA??ES DE WEBTOONS PARA K-DRAMAS;Periodico;A4;;"2525-3441;AFLUENTE"
2022;Vinicius Carvalho Pereira;Doutorado (PQ);10.22481/folio.v14i2.11361;?SERENDIPIDADES!? E OUTROS FRUTOS ESTRANHOS QUE SE PRODUZEM EM 'UM DEFEITO DE COR', DE ANA MARIA GON?ALVES;Periodico;B3;;"2176-4182;F?LIO - REVISTA DE LETRAS"
2023;Vinicius Carvalho Pereira;Doutorado (PQ);;Di?logos intermidi?ticos: textos e personagens em deslocamento;Livro:Organizado/Editado;978-6-58-626840-9;;
2023;Vinicius Carvalho Pereira;Doutorado (PQ);;Expans?es liter?rias: literatura, artes e m?dias;Livro:Organizado/Editado;978-6-58-626851-5;;
2023;Vinicius Carvalho Pereira;Doutorado (PQ);;Literatura em movimento: ocupa??es do espa?o f?sico e digital;Livro:Organizado/Editado;978-6-58-626850-8;;
2023;Vinicius Carvalho Pereira;Doutorado (PQ);;Po?ticas da proximidade: Literatura e outros saberes;Livro:Organizado/Editado;978-6-58-626849-2;;
2021;Vinicius Carvalho Pereira;Doutorado (PQ);10.47209/978-65-87539-59-1;PRODU??ES PERFORM?TICAS EM LIBRAS: O USO DO CORPO E DA M?QUINA EM PRODU??ES LITER?RIAS EM L?NGUA BRASILEIRA DE SINAIS;Capitulo Livro;978-6-58-753959-1;;Reconfigura??es da literatura contempor?nea: abordagens cr?ticas
2021;Vinicius Carvalho Pereira;Doutorado (PQ);;A presen?a no jogo da voz: o audiolivro de Paranoia, de Roberto Piva;Capitulo Livro;978-6-58-886575-0;;Literatura, imagem e m?dias
2022;Vinicius Carvalho Pereira;Doutorado (PQ);10.48209/978-65-89949-76-5;L?PIDES E QR CODES: INTERAGINDO COM MEMORIAIS DIGITAIS NO CEMIT?RIO DA CONSOLA??O EM S?O PAULO;Capitulo Livro;978-6-58-994976-3;;ESTUDOS CEMITERIAIS NO BRASIL: ITINER?RIOS, ABORDAGENS E PERSPECTIVAS
2022;Vinicius Carvalho Pereira;Doutorado (PQ);;LI??ES DO AL?M? IMPLICA??ES NO USO DE MATERIAIS DID?TICOS DE EDUCADORES FALECIDOS;Capitulo Livro;978-6-59-972994-2;;Porque sempre haver? o amanh?: linguagens, mem?rias e educa??o na contemporaneidade /
2022;Vinicius Carvalho Pereira;Doutorado (PQ);;Poesia em meio digital;Capitulo Livro;978-8-54-950569-9;;Poesia &...
2022;Vinicius Carvalho Pereira;Doutorado (PQ);;O AVA Moodle como apoio ao ensino m?dio presencial: uma proposta com design instrucional;Capitulo Livro;978-6-52-513517-5;;CULTURA DIGITAL, CURR?CULO E PERSPECTIVAS TE?RICO-METODOL?GICAS EM EDUCA??O
2023;Vinicius Carvalho Pereira;Doutorado (PQ);;Dos livros e filmes para a timeline: a constru??o transmidi?tica das personagens Minerva McGonagall e Albus Dumbledore em fan accounts no Twitter;Capitulo Livro;978-6-58-626840-9;;Di?logos intermidi?ticos: textos e personagens em deslocamento
2023;Vinicius Carvalho Pereira;Doutorado (PQ);;INSTAPOESIA: UMA LEITURA DE ?IMPULSOPOEMAS?, DE CAIO RIBEIRO;Capitulo Livro;978-6-55-447089-6;;Leitura e Escrita: vias de acesso
2023;Vinicius Carvalho Pereira;Doutorado (PQ);10.1007/978-3-031-42286-7_28;Exploring the Experiences of People Who Inherited Digital Assets from Deceased Users: A Search for Better Computing Solutions;Capitulo Livro;978-3-03-142286-7;;Lecture Notes in Computer Science
2023;Vinicius Carvalho Pereira;Doutorado (PQ);10.14201/0AQ0331;Educa??o STEAM: uma an?lise de objetivos da Agenda 2030 face ? literatura;Capitulo Livro;978-8-41-311698-9;;INTERCULTURALIDAD, INCLUSI?N Y EQUIDAD EN EDUCACI?N
2023;Vinicius Carvalho Pereira;Doutorado (PQ);;Remezcla e hibridaci?n en una versi?n emojificada de Cuentos de la selva;Capitulo Livro;978-8-57-600605-3;;Cartograf?a Cr?tica De La Literatura Digital Latinoamericana
2023;Vinicius Carvalho Pereira;Doutorado (PQ);;A Instapoesia de @ondejazzmeucoracao e suas estrat?gias de marketing;Capitulo Livro;978-6-58-626850-8;;Literatura em movimento: ocupa??es do espa?o f?sico e digital
2024;Vinicius Carvalho Pereira;Doutorado (PQ);;INSTAPOESIA E A CR?TICA FEMINISTA: DE RUPI KAUR A RYANE LE?O;Capitulo Livro;978-8-52-170365-5;;Estudos emancipat?rios em linguagem: perspectivas cr?ticas
2024;Vinicius Carvalho Pereira;Doutorado (PQ);;O INDIGENISMO NO POEMA ?PROCLAMA IND?GENA?, DE PEDRO CASALD?LIGA;Capitulo Livro;978-6-52-702050-9;;Regionalismo liter?rio e a forma??o do leitor
2024;Vinicius Carvalho Pereira;Doutorado (PQ);;Language and Communication in HCI;Capitulo Livro;978-1-03-236992-1;;Foundations and Fundamentals in Human-Computer Interaction
2022;Vinicius Carvalho Pereira;Doutorado (PQ);;A CATEGORIZA??O DAS PRODU??ES LITER?RIAS EM LIBRAS A PARTIR DOS CONCEITOS DE LITERATURA SURDA E LITERATURA SINALIZADA;Capitulo Livro;978-8-57-934262-2;;C(r)omo(s)somos na/da linguagem
2021;Vinicius Carvalho Pereira;Doutorado (PQ);10.5220/0010449800410053;Digital Legacy Management Systems: Theoretical, Systemic and User?s Perspective;Congresso:Completo;978-9-89-758509-8;INTERNACIONAL;23rd International Conference on Enterprise Information Systems
2021;Vinicius Carvalho Pereira;Doutorado (PQ);;Computa??o (Des)plugada: um relato de experi?ncia sobre o ensino remoto de N?meros Bin?rios em tempos de distanciamento social;Congresso:Completo;2595-6175;NACIONAL;XXIX Workshop sobre Educa??o em Computa??o
2021;Vinicius Carvalho Pereira;Doutorado (PQ);10.1145/3472301.3484363;Perspectives on interaction with dead users' profiles on Facebook;Congresso:Completo;978-1-45-038617-3;NACIONAL;"IHC &apos;21: XX Brazilian Symposium on Human Factors in Computing Systems"
2021;Vinicius Carvalho Pereira;Doutorado (PQ);10.1145/3472301.3484358;Posthumous data at stake;Congresso:Completo;978-1-45-038617-3;NACIONAL;"IHC &apos;21: XX Brazilian Symposium on Human Factors in Computing Systems"
2022;Vinicius Carvalho Pereira;Doutorado (PQ);;Beyond Life - Systematic Review of Frontier Zones in Digital Immortality;Congresso:Completo;978---1--4503-9-5;NACIONAL;XXI Simp?sio Brasileiro sobre Fatores Humanos em Sistemas Computacionais
2023;Vinicius Carvalho Pereira;Doutorado (PQ);10.5753/wics.2023.230479;Arte, Morte e Interatividade: Obras de Arte Digital que Transportam a Tem?tica da Morte para o Campo das Tecnologias da Informa??o;Congresso:Completo;2763-8707;NACIONAL;Workshop sobre as Implica??es da Computa??o na Sociedade
2023;Vinicius Carvalho Pereira;Doutorado (PQ);10.1145/3638067.3638068;Investigating politeness strategies in chatbots through the lens of Conversation Analysis;Congresso:Completo;979-8-40-071715-4;INTERNACIONAL;IHC '23: XXII Brazilian Symposium on Human Factors in Computing Systems
2023;Vinicius Carvalho Pereira;Doutorado (PQ);10.1109/SMC53992.2023.10394315;Acceptability and Renown of Digital Immortality Through the Lens of the User;Congresso:Completo;979-8-35-033702-0;INTERNACIONAL;2023 IEEE International Conference on Systems, Man, and Cybernetics (SMC)
2024;Vinicius Carvalho Pereira;Doutorado (PQ);10.1145/3658271.3658301;Preserving Memories Together: Proposing Artifacts for Collective Digital Memorials;Congresso:Completo;979-8-40-070996-8;NACIONAL;"SBSI &apos;24: XX Brazilian Symposium on Information Systems"
2024;Vinicius Carvalho Pereira;Doutorado (PQ);10.1145/3648188.3675131;Decolonizing and peripheralizing e-lit in Latin America: the case of the Acervo de Literatura Digital Mato-Grossense, Brazil;Congresso:Completo;979-8-40-070595-3;INTERNACIONAL;HT '24: 35th ACM Conference on Hypertext and Social Media
2024;Vinicius Carvalho Pereira;Doutorado (PQ);10.1145/3702038.3702057;GranDIHC-BR 2025-2035 - GC4: Sociocultural Aspects in Human-Computer Interaction;Congresso:Completo;979-8-40-071224-1;NACIONAL;IHC 2024: XXIII Brazilian Symposium on Human Factors in Computing Systems
2024;Vinicius Carvalho Pereira;Doutorado (PQ);10.1145/3702038.3702067;Conversational-linguistic politeness parameters for chatbot design: a card-based approach;Congresso:Completo;979-8-40-071224-1;NACIONAL;IHC 2024: XXIII Brazilian Symposium on Human Factors in Computing Systems
2024;Vinicius Carvalho Pereira;Doutorado (PQ);10.5753/semiedu.2024.32696;Reflex?es acerca da Instapoesia e uma Vis?o da Obra Sad Trash, de Marlene Font;Congresso:Completo;438;NACIONAL;Semin?rio de Educa??o
2023;Vinicius Carvalho Pereira;Doutorado (PQ);;An?lise Descritiva das atividades sobre Pensamento Computacional em livros did?ticos ? luz da BNCC;Congresso:Completo;2358-0852;NACIONAL;XIV Computer on the Beach
2021;Vinicius Carvalho Pereira;Doutorado (PQ);;Jornadas Intermidi?ticas 3 ? (des)limites do texto;CONGRESSO:organizacao;;;Jornadas Intermidi?ticas 3 ? (des)limites do texto
2021;Vinicius Carvalho Pereira;Doutorado (PQ);;Simp?sio Literatura e Tecnologia: Futuros (Im)Poss?veis, no Congresso Internacional da ABRALIC;CONGRESSO:organizacao;;;Simp?sio Literatura e Tecnologia: Futuros (Im)Poss?veis, no Congresso Internacional da ABRALIC
2021;Vinicius Carvalho Pereira;Doutorado (PQ);;Membro do Comit? de Programa do LINK 2021: LINK 2021 Symposium in Practice-oriented research in Art and Design;CONGRESSO:organizacao;;;Membro do Comit? de Programa do LINK 2021: LINK 2021 Symposium in Practice-oriented research in Art and Design
2022;Vinicius Carvalho Pereira;Doutorado (PQ);;Lit Dig Br: Mapeamento, difus?o e educa??o para a literatura digital brasileira;CONGRESSO:organizacao;;;Lit Dig Br: Mapeamento, difus?o e educa??o para a literatura digital brasileira
2022;Vinicius Carvalho Pereira;Doutorado (PQ);;Simp?sio Literatura e Tecnologia: Futuros (Im)Poss?veis, no Congresso Internacional da ABRALIC;CONGRESSO:organizacao;;;Simp?sio Literatura e Tecnologia: Futuros (Im)Poss?veis, no Congresso Internacional da ABRALIC
2022;Vinicius Carvalho Pereira;Doutorado (PQ);;Trilha de minicursos do XXI Simp?sio Brasileiro sobre Fatores Humanos em Sistemas Computacionais;CONGRESSO:organizacao;;;Trilha de minicursos do XXI Simp?sio Brasileiro sobre Fatores Humanos em Sistemas Computacionais
2023;Vinicius Carvalho Pereira;Doutorado (PQ);;II Congresso Po?ticas da Proximidade: Expans?es Contempor?neas do Liter?rio;CONGRESSO:organizacao;;;II Congresso Po?ticas da Proximidade: Expans?es Contempor?neas do Liter?rio
2024;Vinicius Carvalho Pereira;Doutorado (PQ);;II Congresso Internacional LitDigBR e VII Encontro da Red LiteLat;CONGRESSO:organizacao;;;II Congresso Internacional LitDigBR e VII Encontro da Red LiteLat
2023;Vinicius Carvalho Pereira;Doutorado (PQ);;XIV Mostra da P?s-Gradua??o;CONGRESSO:organizacao;;;XIV Mostra da P?s-Gradua??o
2024;Vinicius Carvalho Pereira;Doutorado (PQ);;XV Mostra da P?s-Gradua??o;CONGRESSO:organizacao;;;XV Mostra da P?s-Gradua??o
2022;Vinicius Carvalho Pereira;Doutorado (PQ);;XIII Mostra da P?s-Gradua??o da UFMT;CONGRESSO:organizacao;;;XIII Mostra da P?s-Gradua??o da UFMT
2021;Vinicius Carvalho Pereira;Doutorado (PQ);;;Pós-Doutorado:;;;Maria Elisa Rodrigues Moreira
2021;Vinicius Carvalho Pereira;Doutorado (PQ);;VIVER E CONTAR: DI?RIOS DE UMA TESE SOBRE OS CADERNOS DE LANZAROTE, DE JOS? SARAMAGO;Doutorado:ORIENTADOR_PRINCIPAL;;;Marcelo Brito da Silva
2021;Vinicius Carvalho Pereira;Doutorado (PQ);;PRODU??ES PERFORM?TICAS EM LIBRAS: O USO DO CORPO E DA M?QUINA EM PRODU??ES LITER?RIAS EM L?NGUA BRASILEIRA DE SINAIS;Doutorado:ORIENTADOR_PRINCIPAL;;;Nayara Piovesan Ribeiro
2023;Vinicius Carvalho Pereira;Doutorado (PQ);;CIDADE, INCONSCIENTE E POESIA: UMA TRIANGULA??O NA OBRA DE ROBERTO PIVA;Doutorado:ORIENTADOR_PRINCIPAL;;;RODRIGO FERNANDES FERREIRA BRITO
2024;Vinicius Carvalho Pereira;Doutorado (PQ);;?MEU PAI SANGRA HIST?RIA?: ARTES, INFLU?NCIAS, IDENTIDADES E HISTORIOGRAFIA EM MAUS, DE ART SPIEGELMAN;Doutorado:ORIENTADOR_PRINCIPAL;;;S?lvio Takeshi Tamura
2022;Vinicius Carvalho Pereira;Doutorado (PQ);;Sobre Literatura Eletr?nica e algumas quest?es de Materialidade e Autoria: Fantasia Breve, a Palavra-Espuma, de Rui Torres;Mestrado:ORIENTADOR_PRINCIPAL;;;D?bora Keppi Deicke
2024;Vinicius Carvalho Pereira;Doutorado (PQ);;Literatura e plataforma: o entrecruzamento de narrativas liter?rias e affordances do Twitter;Mestrado:ORIENTADOR_PRINCIPAL;;;Denilson Patrick Oliveira Silva
2025;Vinicius Carvalho Pereira;Doutorado (PQ);;A Metamorfose em gameplay: adapta??es de Kafka e outros ecos do c?none na cultura gamer digital;Mestrado:ORIENTADOR_PRINCIPAL;;;Jo?o Pereira da Silva Filho
2021;Vinicius Carvalho Pereira;Doutorado (PQ);;A twitteratura escrita por meio threads: um olhar sobre as tweetnovelas;Orientacao:IC;;;DENILSON PATRICK OLIVEIRA SILVA
2022;Vinicius Carvalho Pereira;Doutorado (PQ);;Do digital ao po?tico: uma perspectiva acerca da instapoesia mato-grossense;Orientacao:IC;;;Matheus Guilherme Antunes Soares dos Santos
2024;Vinicius Carvalho Pereira;Doutorado (PQ);;Produ??o de arte digital e a finitude da vida humana;Orientacao:IC;;;Gabriel Ac?cio Correia
2023;Vinicius Carvalho Pereira;Doutorado (PQ);;VIDEOGAMES E O UNIVERSO DA POESIA  ENQUANTO LINGUAGEM L?DICA;Orientacao:IC;;;KAROLAYNNE NUNES DA SILVA SANTOS
